model,origin_day,origin_date,wape,mae,bias,mean_mase7,mean_rmsse,actual_units,predicted_units
SeasonalNaive7,1801,2016-01-03,0.20073375166200605,111.9969387755102,-0.04615575945674578,1.3504494883328415,1.1616455726537906,1093558.0,1043084.0
SeasonalNaive7,1829,2016-01-31,0.1650278820211148,98.98877551020408,-0.09422047720955236,1.1996436307038418,1.0707702458632558,1175668.0,1064896.0
SeasonalNaive7,1857,2016-02-28,0.1414485739332878,84.87397959183673,-0.05977125452886613,1.1019186530452503,1.0145582949239798,1176067.0,1105772.0
SeasonalNaive7,1885,2016-03-27,0.15770522107490034,95.23673469387755,-0.02855124845179136,1.264914642282334,1.1286585553828332,1183626.0,1149832.0
WeekdayMean8,1801,2016-01-03,0.15315785719641756,85.45255102040817,-0.06802291236495915,1.0849166951603475,0.9386868332410834,1093558.0,1019171.0
WeekdayMean8,1829,2016-01-31,0.15923819479649018,95.51594387755102,-0.10633103903482956,1.1305824849938226,0.9807464905014172,1175668.0,1050658.0
WeekdayMean8,1857,2016-02-28,0.11886780259968183,71.32474489795918,-0.03524799182359509,0.9418865958108159,0.8576032837372511,1176067.0,1134613.0
WeekdayMean8,1885,2016-03-27,0.10798258909486612,65.20969387755102,-0.0065548576999829335,0.8562002206154816,0.7577563415257966,1183626.0,1175867.5
ETS,1801,2016-01-03,0.15154023633888294,84.55001927054906,-0.04836773880904941,1.0205127539879755,0.8753294710179105,1093558.0,1040665.0722834535
ETS,1829,2016-01-31,0.13108948203730492,78.63148426930316,-0.06157068535505441,0.9966656244577349,0.8887383763658905,1175668.0,1103281.315489994
ETS,1857,2016-02-28,0.12426871020367677,74.56547408321813,-0.0357188282282407,0.9341896256382435,0.8706942967134447,1176067.0,1134059.2648420976
ETS,1885,2016-03-27,0.14113034316036374,85.22731813955545,-0.01661138303723743,1.114922404267697,0.9732877233351006,1183626.0,1163964.3351411668
ETSLog,1801,2016-01-03,0.22628621442875327,126.25362248891764,-0.21086716535092936,1.399485701964822,1.1590367907069585,1093558.0,862962.5243931684
ETSLog,1829,2016-01-31,0.16788621737763484,100.70329255710674,-0.13661912428991144,1.1635555024406767,1.0003916811113225,1175668.0,1015049.2673843284
ETSLog,1857,2016-02-28,0.1285101269392695,77.1104691117785,-0.06253024825545288,0.9540698861811175,0.8820582890870227,1176067.0,1102527.2385249543
ETSLog,1885,2016-03-27,0.11587678963826296,69.97692908794828,-0.04978549147082275,0.9004239164204042,0.7979030278021538,1183626.0,1124698.597872356
Ridge10,1801,2016-01-03,0.13497577671159228,75.3080818516201,-0.0670650509351134,1.0679088897054605,0.9195398994375649,1093558.0,1020218.4770294992
Ridge10,1829,2016-01-31,0.1417142738215177,85.00455963020207,-0.08748017230282903,1.0435528996886383,0.8951935206286492,1175668.0,1072820.3607890776
Ridge10,1857,2016-02-28,0.11744884036440235,70.47331905144979,-0.011918292090757949,0.9764248951685821,0.8526094871036851,1176067.0,1162050.2899756986
Ridge10,1885,2016-03-27,0.10902255994762904,65.83772272478181,0.011406129151813325,0.9068494442740332,0.7762076236741647,1183626.0,1197126.5910234442
Ridge100,1801,2016-01-03,0.13500536780948916,75.32459184235171,-0.06711280046400131,1.0679982049164773,0.9196289965617891,1093558.0,1020166.2601501876
Ridge100,1829,2016-01-31,0.14172741117914445,85.0124398194706,-0.08755491217162803,1.0435870416196085,0.895243772298779,1175668.0,1072732.4915170064
Ridge100,1857,2016-02-28,0.11742874762704231,70.46126272219018,-0.01199390970989068,0.976216562785165,0.8524862896995544,1176067.0,1161961.358589218
Ridge100,1885,2016-03-27,0.1089986863175329,65.82330565881439,0.011327061048580746,0.9065943275798497,0.7760181482734287,1183626.0,1197033.0039606874
HGB15,1801,2016-01-03,0.13191983696460574,73.60305768945935,-0.041758148189530754,0.9999524118679578,0.8492983300677726,1093558.0,1047893.0429821531
HGB15,1829,2016-01-31,0.11269884055248539,67.60021452788745,-0.01505698351352627,0.9294487004107131,0.8149473905328952,1175668.0,1157965.9863066196
HGB15,1857,2016-02-28,0.11172204721378046,67.03704739824956,0.0246179506995208,0.9434810305787339,0.8402940769812695,1176067.0,1205019.3594253333
HGB15,1885,2016-03-27,0.1030215958082534,62.21379559190803,0.012799222479596322,0.8885604392952304,0.769247216345747,1183626.0,1198775.4925066347
HGB31,1801,2016-01-03,0.13361123863134194,74.54675453837399,-0.053043773803472416,0.9776575717559158,0.8333896251882362,1093558.0,1035551.5568070223
HGB31,1829,2016-01-31,0.10924651032755411,65.52940117539535,0.0037840052530090642,0.9329166740500132,0.8121737265075398,1175668.0,1180116.7338877947
HGB31,1857,2016-02-28,0.11010466699223358,66.06656397732407,0.019992483538293835,0.9355818296833807,0.8370313610854382,1176067.0,1199579.5001374306
HGB31,1885,2016-03-27,0.10531617152810195,63.599468796490406,0.02643032048272819,0.8878162724333301,0.7732683141845368,1183626.0,1214909.6145116896
