date,y
2016-02-01,1744
2016-02-02,1709
2016-02-03,1851
2016-02-04,1851
2016-02-05,2055
2016-02-06,3014
2016-02-07,2595
2016-02-08,1864
2016-02-09,1862
2016-02-10,1895
2016-02-11,1839
2016-02-12,1938
2016-02-13,2491
2016-02-14,2262
2016-02-15,2227
2016-02-16,1709
2016-02-17,1707
2016-02-18,1811
2016-02-19,2020
2016-02-20,2526
2016-02-21,2678
2016-02-22,1802
2016-02-23,1725
2016-02-24,1486
2016-02-25,1658
2016-02-26,1916
2016-02-27,2395
2016-02-28,2884
2016-02-29,1717
2016-03-01,1678
2016-03-02,1747
2016-03-03,1656
2016-03-04,1958
2016-03-05,2438
2016-03-06,3051
2016-03-07,2068
2016-03-08,1871
2016-03-09,1763
2016-03-10,1738
2016-03-11,2034
2016-03-12,2542
2016-03-13,2609
2016-03-14,1909
2016-03-15,1559
2016-03-16,1713
2016-03-17,1627
2016-03-18,1947
2016-03-19,2704
2016-03-20,3118
2016-03-21,1933
2016-03-22,1764
2016-03-23,1827
2016-03-24,1928
2016-03-25,2389
2016-03-26,3081
2016-03-27,2577
2016-03-28,1823
2016-03-29,1883
2016-03-30,1592
2016-03-31,1863
2016-04-01,2237
2016-04-02,2876
2016-04-03,3056
2016-04-04,2380
2016-04-05,1915
2016-04-06,1932
2016-04-07,1728
2016-04-08,2203
2016-04-09,2919
2016-04-10,3012
2016-04-11,2046
2016-04-12,1649
2016-04-13,1688
2016-04-14,1766
2016-04-15,1978
2016-04-16,2665
2016-04-17,3099
2016-04-18,2055
2016-04-19,1860
2016-04-20,1780
2016-04-21,1871
2016-04-22,2140
2016-04-23,2646
2016-04-24,2990
