series_id,store_id,dept_id,state_id,date,horizon,prediction,scale,lower90,upper90,y
CA_1__FOODS_3,CA_1,FOODS_3,CA,2016-04-25,1,1966.1681968143946,2109.0,1509.3197215773494,2423.01667205144,2141
CA_1__FOODS_3,CA_1,FOODS_3,CA,2016-04-26,2,1871.2422856109395,2116.3214285714284,1412.8078532949876,2329.6767179268913,1759
CA_1__FOODS_3,CA_1,FOODS_3,CA,2016-04-27,3,1825.152929303163,2110.785714285714,1367.9176352663847,2282.3882233399418,1787
CA_1__FOODS_3,CA_1,FOODS_3,CA,2016-04-28,4,1880.9465455318698,2118.1785714285716,1422.1098216641954,2339.783269399544,1718
CA_1__FOODS_3,CA_1,FOODS_3,CA,2016-04-29,5,2344.899560576869,2128.1428571428573,1883.9043878066827,2805.8947333470555,2182
CA_1__FOODS_3,CA_1,FOODS_3,CA,2016-04-30,6,2747.1075743185006,2143.785714285714,2282.7238688626503,3211.491279774351,2842
CA_1__FOODS_3,CA_1,FOODS_3,CA,2016-05-01,7,2812.2569945275213,2143.964285714286,2347.8346071916976,3276.679381863345,3131
CA_1__FOODS_3,CA_1,FOODS_3,CA,2016-05-02,8,2291.01660586273,2155.1071428571427,1824.1804692165706,2757.8527425088896,2396
CA_1__FOODS_3,CA_1,FOODS_3,CA,2016-05-03,9,2020.719368916392,2156.6785714285716,1553.5428317264673,2487.895906106317,2140
CA_1__FOODS_3,CA_1,FOODS_3,CA,2016-05-04,10,1991.8146514616694,2162.714285714286,1523.3306667286458,2460.298636194693,2037
CA_1__FOODS_3,CA_1,FOODS_3,CA,2016-05-05,11,2009.471204522792,2162.3571428571427,1541.0645835497153,2477.877825495869,1974
CA_1__FOODS_3,CA_1,FOODS_3,CA,2016-05-06,12,2375.7477924366613,2168.3928571428573,1906.0337239204857,2845.461860952837,2319
CA_1__FOODS_3,CA_1,FOODS_3,CA,2016-05-07,13,2882.6786078701602,2181.8571428571427,2410.0479256039953,3355.309290136325,2949
CA_1__FOODS_3,CA_1,FOODS_3,CA,2016-05-08,14,2769.6944512102245,2196.25,2293.946009418209,3245.44289300224,2771
CA_1__FOODS_3,CA_1,FOODS_3,CA,2016-05-09,15,2261.0279605051223,2201.1428571428573,1784.2196352018377,2737.836285808407,2330
CA_1__FOODS_3,CA_1,FOODS_3,CA,2016-05-10,16,1901.6325080046304,2204.3571428571427,1424.1279088618257,2379.137107147435,1943
CA_1__FOODS_3,CA_1,FOODS_3,CA,2016-05-11,17,1945.4039447626392,2203.464285714286,1468.0927550197011,2422.715134505577,1962
CA_1__FOODS_3,CA_1,FOODS_3,CA,2016-05-12,18,1890.9566629259627,2208.4285714285716,1412.570116919766,2369.3432089321595,1950
CA_1__FOODS_3,CA_1,FOODS_3,CA,2016-05-13,19,2191.2974353738236,2209.535714285714,1712.6710617117924,2669.923809035855,2408
CA_1__FOODS_3,CA_1,FOODS_3,CA,2016-05-14,20,2789.3086161124147,2208.1428571428573,2310.983961114175,3267.6332711106543,3000
CA_1__FOODS_3,CA_1,FOODS_3,CA,2016-05-15,21,2944.757030741746,2207.464285714286,2466.5793668874053,3422.9346945960865,3521
CA_1__FOODS_3,CA_1,FOODS_3,CA,2016-05-16,22,2096.151122928842,2211.8214285714284,1617.0296212031521,2575.272624654532,2366
CA_1__FOODS_3,CA_1,FOODS_3,CA,2016-05-17,23,1904.1723733173897,2215.25,1424.3081794962118,2384.0365671385675,2016
CA_1__FOODS_3,CA_1,FOODS_3,CA,2016-05-18,24,1886.749064990482,2213.5714285714284,1407.2484808410536,2366.2496491399106,1992
CA_1__FOODS_3,CA_1,FOODS_3,CA,2016-05-19,25,1936.9783133004519,2211.535714285714,1457.9187025827193,2416.0379240181846,2113
CA_1__FOODS_3,CA_1,FOODS_3,CA,2016-05-20,26,2303.3813218362607,2202.6428571428573,1826.2480687411999,2780.5145749313215,2249
CA_1__FOODS_3,CA_1,FOODS_3,CA,2016-05-21,27,2685.5891740886705,2187.1071428571427,2211.82124455129,3159.357103626051,2729
CA_1__FOODS_3,CA_1,FOODS_3,CA,2016-05-22,28,2850.4977257306728,2201.8571428571427,2373.534672907495,3327.4607785538506,3274
